pdb_identifier,amino_acid_residues,simplex_indices,simplex_type,side_a,side_b,side_c,triangle_area,tf_1,tf_2,tf_3,sum_tf,avg_tf,cx_hull_area,cx_hull_volume
1AL1_A_cx_hull_calpha,LEU-LEU-GLU,2-1-0,3,3.808,3.809,5.179,7.231,25,25,25,75,25,226.044934852832,192.289581788167
1AL1_A_cx_hull_calpha,LEU-LYS-GLY,2-10-11,2,13.772,3.793,15.281,25.059,25,25,25,75,25,226.044934852832,192.289581788167
1AL1_A_cx_hull_calpha,LYS-GLU-GLY,3-7-11,0,6.304,9.577,14.514,22.788,25,25,25,75,25,226.044934852832,192.289581788167
1AL1_A_cx_hull_calpha,LYS-GLU-GLU,3-7-0,0,6.304,10.559,4.607,7.157,25,25,25,75,25,226.044934852832,192.289581788167
1AL1_A_cx_hull_calpha,LYS-LEU-GLY,3-2-11,2,3.808,15.281,14.514,27.552,25,25,25,75,25,226.044934852832,192.289581788167
1AL1_A_cx_hull_calpha,LYS-LEU-GLU,3-2-0,2,3.808,5.179,4.607,8.484,25,25,25,75,25,226.044934852832,192.289581788167
1AL1_A_cx_hull_calpha,GLU-LYS-GLY,8-10-11,2,6.748,3.793,9.354,10.78,25,25,25,75,25,226.044934852832,192.289581788167
1AL1_A_cx_hull_calpha,GLU-GLU-GLY,8-7-11,2,3.77,9.577,9.354,17.455,25,25,25,75,25,226.044934852832,192.289581788167
1AL1_A_cx_hull_calpha,LEU-GLU-LEU,5-8-1,0,5.384,10.809,5.825,8.013,25,25,25,75,25,226.044934852832,192.289581788167
1AL1_A_cx_hull_calpha,LEU-LEU-LEU,5-2-1,2,5.148,3.808,5.825,9.64,25,25,25,75,25,226.044934852832,192.289581788167
1AL1_A_cx_hull_calpha,LYS-GLU-GLU,4-7-0,0,5.28,10.559,6.192,11.792,25,25,25,75,25,226.044934852832,192.289581788167
1AL1_A_cx_hull_calpha,LYS-GLU-GLU,4-8-7,2,6.64,3.77,5.28,9.94,25,25,25,75,25,226.044934852832,192.289581788167
1AL1_A_cx_hull_calpha,LYS-LEU-GLU,4-1-0,2,5.074,3.809,6.192,9.652,25,25,25,75,25,226.044934852832,192.289581788167
1AL1_A_cx_hull_calpha,LYS-GLU-LEU,4-8-1,0,6.64,10.809,5.074,12.079,25,25,25,75,25,226.044934852832,192.289581788167
1AL1_A_cx_hull_calpha,LEU-LEU-LYS,9-2-10,0,10.335,13.772,3.773,9.253,25,25,25,75,25,226.044934852832,192.289581788167
1AL1_A_cx_hull_calpha,LEU-LEU-LEU,9-5-2,0,6.381,5.148,10.335,13.106,25,25,25,75,25,226.044934852832,192.289581788167
1AL1_A_cx_hull_calpha,LEU-GLU-LYS,9-8-10,2,3.81,6.748,3.773,5.834,25,25,25,75,25,226.044934852832,192.289581788167
1AL1_A_cx_hull_calpha,LEU-LEU-GLU,9-5-8,0,6.381,5.384,3.81,10.231,25,25,25,75,25,226.044934852832,192.289581788167
